PLAYER_ID,PLAYER_NAME,NICKNAME,TEAM_ID,TEAM_ABBREVIATION,AGE,GP,W,L,W_PCT,MIN,FGM,FGA,FG_PCT,FG3M,FG3A,FG3_PCT,FTM,FTA,FT_PCT,OREB,DREB,REB,AST,TOV,STL,BLK,BLKA,PF,PFD,PTS,PLUS_MINUS,NBA_FANTASY_PTS,DD2,TD3,WNBA_FANTASY_PTS,GP_RANK,W_RANK,L_RANK,W_PCT_RANK,MIN_RANK,FGM_RANK,FGA_RANK,FG_PCT_RANK,FG3M_RANK,FG3A_RANK,FG3_PCT_RANK,FTM_RANK,FTA_RANK,FT_PCT_RANK,OREB_RANK,DREB_RANK,REB_RANK,AST_RANK,TOV_RANK,STL_RANK,BLK_RANK,BLKA_RANK,PF_RANK,PFD_RANK,PTS_RANK,PLUS_MINUS_RANK,NBA_FANTASY_PTS_RANK,DD2_RANK,TD3_RANK,WNBA_FANTASY_PTS_RANK
1628983,Shai Gilgeous-Alexander,Shai,1610612760,OKC,26.0,76,63,13,0.829,2597.63,860,1656,0.519,163,435,0.375,601,669,0.898,67,312,379,486,183,131,77,77,164,467,2484,918,4108.8,6,0,3928.0,51,2,157,23,18,1,1,93,45,44,155,1,2,44,133,61,74,11,27,2,24,561,511,2,1,1,2,93,44,2
1630162,Anthony Edwards,Anthony,1610612750,MIN,23.0,79,48,31,0.608,2871.0583333333334,721,1612,0.447,320,811,0.395,415,496,0.837,61,389,450,359,249,91,51,55,150,343,2177,291,3432.5,7,0,3590.0,23,30,395,160,3,4,2,288,1,1,104,6,5,126,150,29,47,38,5,28,56,523,480,10,2,46,6,87,44,3
203999,Nikola Jokić,Nikola,1610612743,DEN,30.0,70,46,24,0.657,2570.765,786,1364,0.576,138,331,0.417,361,451,0.8,200,692,892,716,230,127,45,63,160,410,2071,594,4501.4,59,34,4161.0,118,45,291,93,22,3,9,52,76,99,46,10,7,212,13,4,4,2,7,4,70,540,505,4,3,2,1,2,1,1
203507,Giannis Antetokounmpo,Giannis,1610612749,MIL,30.0,67,40,27,0.597,2288.63,793,1319,0.601,14,63,0.222,436,707,0.617,147,651,798,433,206,58,78,76,155,507,2036,334,3845.1,55,11,3553.0,147,89,334,177,44,2,11,39,369,335,463,4,1,477,34,5,6,16,12,127,23,559,496,1,4,28,3,5,2,4
1628369,Jayson Tatum,Jayson,1610612738,BOS,27.0,72,53,19,0.736,2623.8166666666666,662,1465,0.452,250,728,0.343,358,440,0.814,48,575,623,431,209,76,38,56,157,307,1932,534,3459.1,31,2,3464.0,95,17,226,60,14,6,3,272,7,4,266,11,10,184,202,8,17,17,9,56,94,526,498,16,5,7,5,18,15,6
1626164,Devin Booker,Devin,1610612756,PHX,28.0,75,35,40,0.467,2794.9666666666667,654,1420,0.461,183,551,0.332,432,483,0.894,76,229,305,529,220,67,16,62,198,404,1923,-177,3111.5,16,0,3106.0,59,149,503,319,4,7,6,239,26,17,307,5,6,49,110,115,119,8,8,92,242,538,552,7,6,507,14,35,44,11
1629027,Trae Young,Trae,1610612737,ATL,26.0,76,36,40,0.474,2739.06,566,1376,0.411,218,642,0.34,491,561,0.875,36,200,236,880,355,91,12,66,145,430,1841,34,3398.2,51,0,3381.0,51,136,503,309,7,22,8,414,13,9,280,3,4,76,269,150,186,1,1,28,295,546,469,3,7,167,7,6,44,7
1629639,Tyler Herro,Tyler,1610612748,MIA,25.0,77,37,40,0.481,2725.08,651,1378,0.472,251,670,0.375,287,327,0.878,35,364,399,424,198,69,17,75,85,227,1840,99,3014.8,9,0,3086.0,43,124,503,307,8,8,7,204,6,6,156,22,30,73,273,36,66,19,18,83,225,555,307,47,8,112,17,71,44,12
1630595,Cade Cunningham,Cade,1610612765,DET,23.0,70,38,32,0.543,2451.9466666666667,684,1457,0.469,149,418,0.356,313,370,0.846,56,369,425,638,309,71,53,100,195,279,1830,175,3360.0,31,9,3290.0,118,110,413,236,29,5,4,212,61,50,219,15,19,115,166,33,56,5,3,73,52,568,550,23,9,78,9,18,5,8
201935,James Harden,James,1610612746,LAC,35.0,79,50,29,0.633,2789.036666666667,531,1295,0.41,235,668,0.352,505,578,0.874,55,401,456,687,341,118,55,65,162,371,1802,344,3557.7,38,3,3526.0,23,23,362,113,5,30,13,416,9,7,242,2,3,79,173,27,45,3,2,8,48,543,506,8,10,24,4,11,11,5
1626157,Karl-Anthony Towns,Karl-Anthony,1610612752,NYK,29.0,72,46,26,0.639,2516.72,639,1215,0.526,142,338,0.42,339,409,0.829,212,708,920,222,192,71,50,83,249,345,1759,378,3367.0,58,1,3285.0,95,45,315,106,27,10,17,87,68,94,43,12,12,144,12,2,3,88,22,73,59,564,567,9,11,21,8,4,20,9
203897,Zach LaVine,Zach,1610612758,SAC,30.0,74,32,42,0.432,2602.48,625,1223,0.511,239,536,0.446,235,285,0.825,22,293,315,310,208,58,12,48,121,228,1724,-70,2569.0,6,0,2728.0,71,179,517,363,17,11,16,105,8,19,18,40,44,153,349,75,110,59,10,127,295,501,418,46,12,414,40,93,44,23
1630224,Jalen Green,Jalen,1610612745,HOU,23.0,82,52,30,0.634,2697.11,608,1437,0.423,234,661,0.354,273,336,0.813,45,332,377,282,203,71,27,106,127,248,1723,166,2689.4,4,0,2812.0,1,19,383,112,10,14,5,377,11,8,231,28,25,186,218,50,75,67,14,73,150,569,434,38,13,84,29,116,44,20
201939,Stephen Curry,Stephen,1610612744,GSW,37.0,70,41,29,0.586,2252.45,564,1258,0.448,311,784,0.397,279,299,0.933,40,270,310,421,200,80,30,47,95,247,1718,299,2851.5,9,0,2980.0,118,83,362,194,50,24,15,280,3,2,96,25,40,26,244,85,115,21,17,46,132,498,328,39,14,43,19,71,44,13
2544,LeBron James,LeBron,1610612747,LAL,40.0,70,44,26,0.629,2444.4466666666667,651,1270,0.513,149,396,0.376,259,331,0.782,72,474,546,575,260,70,39,51,99,265,1710,-54,3294.7,32,10,3198.0,118,62,315,125,32,8,14,104,61,63,146,33,28,244,119,15,25,7,4,77,88,511,346,29,15,383,10,17,3,10
201942,DeMar DeRozan,DeMar,1610612758,SAC,35.0,77,38,39,0.494,2767.615,624,1308,0.477,84,256,0.328,378,441,0.857,50,248,298,342,105,62,32,57,150,316,1710,110,2757.6,3,0,2622.0,43,110,486,288,6,12,12,187,168,153,314,7,9,95,197,103,121,45,99,106,124,528,480,14,15,106,27,134,44,31
1628378,Donovan Mitchell,Donovan,1610612739,CLE,28.0,71,55,16,0.775,2232.0333333333333,585,1320,0.443,233,633,0.368,298,362,0.823,57,265,322,354,149,95,17,50,140,278,1701,522,2805.4,6,0,2834.0,108,11,189,49,54,19,10,303,12,10,180,19,22,158,165,90,105,40,50,23,225,506,462,24,17,8,25,93,44,18
1628973,Jalen Brunson,Jalen,1610612752,NYK,28.0,65,40,25,0.615,2300.7083333333335,585,1200,0.488,152,397,0.383,368,448,0.821,27,160,187,475,164,60,8,50,138,410,1690,146,2666.9,14,0,2640.0,162,89,300,144,40,19,19,158,60,61,129,8,8,163,313,221,243,12,39,119,361,506,456,4,18,92,32,40,44,28
201142,Kevin Durant,Kevin,1610612756,PHX,36.0,62,33,29,0.532,2264.685,592,1124,0.527,160,372,0.43,303,361,0.839,23,351,374,263,190,50,77,32,104,331,1647,-38,2681.3,5,0,2698.0,192,166,362,244,49,15,28,85,48,71,35,18,23,120,342,43,76,72,23,161,24,430,361,12,19,361,30,106,44,24
1628991,Jaren Jackson Jr.,Jaren,1610612763,MEM,25.0,74,42,32,0.568,2206.951666666667,592,1213,0.488,146,389,0.375,311,398,0.781,91,326,417,148,153,92,113,87,257,334,1641,331,2825.4,6,0,2762.0,71,81,413,216,58,15,18,155,66,67,149,16,13,247,81,52,58,147,47,26,5,566,569,11,20,30,22,93,44,21
1627783,Pascal Siakam,Pascal,1610612754,IND,31.0,78,47,31,0.603,2547.8533333333335,613,1182,0.519,126,324,0.389,226,308,0.734,133,407,540,263,109,70,42,45,189,267,1578,312,2847.5,11,0,2731.0,35,36,395,165,25,13,21,96,90,105,116,43,36,341,40,25,26,72,88,77,75,489,545,27,21,37,20,55,44,22
1629636,Darius Garland,Darius,1610612739,CLE,25.0,75,60,15,0.8,2300.77,554,1174,0.472,212,529,0.401,224,255,0.878,47,167,214,506,189,91,11,43,143,227,1544,499,2676.8,7,0,2680.0,59,5,179,32,39,25,22,207,18,21,77,44,51,72,205,206,214,9,24,28,311,483,467,47,22,12,31,87,44,26
1629632,Coby White,Coby,1610612741,CHI,25.0,74,35,39,0.473,2450.2566666666667,508,1121,0.453,216,584,0.37,277,307,0.902,25,248,273,330,177,69,16,77,154,267,1509,-141,2409.6,2,0,2498.0,71,149,486,311,31,35,29,267,15,14,173,26,37,40,329,103,143,52,30,83,242,561,492,27,23,487,51,159,44,39
1631114,Jalen Williams,Jalen,1610612760,OKC,24.0,69,55,14,0.797,2236.673333333333,565,1168,0.484,124,340,0.365,236,299,0.789,59,310,369,355,150,111,46,59,158,245,1490,456,2786.3,3,0,2652.0,129,11,168,36,53,23,23,167,94,91,193,39,40,236,159,64,80,39,48,10,67,531,502,41,24,14,26,134,44,27
1630559,Austin Reaves,Austin,1610612747,LAL,26.0,73,46,27,0.63,2550.0916666666667,477,1037,0.46,200,531,0.377,321,366,0.877,61,268,329,421,177,81,22,47,151,321,1475,195,2633.3,9,1,2631.0,86,45,334,121,23,41,41,243,20,20,144,14,21,74,150,87,97,21,30,44,187,498,484,13,25,73,36,71,20,30
1628368,De'Aaron Fox,De'Aaron,1610612759,SAS,27.0,62,27,35,0.435,2241.1366666666668,539,1163,0.463,118,381,0.31,263,318,0.827,54,244,298,392,174,91,25,56,164,261,1459,-69,2578.6,9,0,2499.0,192,232,447,361,52,28,24,229,99,69,363,31,33,149,175,105,121,26,34,28,162,526,511,32,26,413,39,71,44,38
1630578,Alperen Sengun,Alperen,1610612745,HOU,22.0,76,52,24,0.684,2394.9766666666665,567,1143,0.496,21,90,0.233,296,428,0.692,262,524,786,372,194,84,61,84,209,406,1451,410,3193.2,45,4,2920.0,51,19,291,77,35,21,26,143,336,294,455,20,11,403,6,12,8,31,21,39,43,565,560,6,27,17,11,7,9,15
1630532,Franz Wagner,Franz,1610612753,ORL,23.0,60,33,27,0.55,2023.3066666666666,537,1161,0.463,104,352,0.295,271,311,0.871,56,286,342,284,138,75,21,75,147,252,1449,247,2435.4,3,0,2371.0,206,166,334,231,89,29,25,232,129,85,388,29,34,82,166,78,93,66,59,58,194,555,475,36,28,60,49,134,44,48
203081,Damian Lillard,Damian,1610612749,MIL,34.0,58,32,26,0.552,2092.87,444,992,0.448,197,524,0.376,362,393,0.921,29,243,272,410,162,70,10,43,97,299,1447,53,2466.4,14,2,2486.0,223,179,315,228,77,57,48,287,21,23,147,9,15,30,310,106,144,23,40,77,328,483,338,17,29,137,45,40,15,41
1628969,Mikal Bridges,Mikal,1610612752,NYK,28.0,82,51,31,0.622,3036.076666666667,592,1183,0.5,164,463,0.354,96,118,0.814,71,188,259,306,132,75,43,24,127,130,1444,334,2435.8,1,0,2409.0,1,22,395,135,1,15,20,124,43,33,230,144,161,185,124,172,160,60,68,58,74,370,434,116,30,28,48,198,44,44
1627750,Jamal Murray,Jamal,1610612743,DEN,28.0,67,41,26,0.612,2418.346666666667,531,1121,0.474,156,397,0.393,218,246,0.886,45,216,261,403,138,91,33,46,128,211,1436,331,2587.7,5,0,2504.0,147,83,315,152,34,30,29,198,55,61,108,47,56,58,218,124,159,25,59,28,116,493,438,56,31,30,38,106,44,36
1628389,Bam Adebayo,Bam,1610612748,MIA,27.0,78,36,42,0.462,2673.693333333333,540,1113,0.485,79,221,0.357,251,328,0.765,185,564,749,337,161,98,53,46,162,309,1410,27,3106.3,38,1,2877.0,35,136,517,327,12,27,32,164,181,181,217,35,29,282,19,9,10,46,42,19,52,493,506,15,32,175,15,11,20,16
1629029,Luka Dončić,Luka,1610612747,LAL,26.0,50,31,19,0.62,1768.55,461,1025,0.45,177,481,0.368,309,395,0.782,40,369,409,383,179,89,21,30,126,293,1408,344,2624.3,21,5,2597.0,283,186,226,138,132,48,43,276,32,27,181,17,14,245,244,33,63,27,29,34,194,416,432,19,33,24,37,28,8,33
1629008,Michael Porter Jr.,Michael,1610612743,DEN,26.0,77,47,30,0.61,2593.2633333333333,528,1048,0.504,193,489,0.395,149,194,0.768,138,402,540,165,104,50,38,48,157,138,1398,265,2453.5,15,0,2472.0,43,36,383,155,19,32,39,119,22,25,103,87,86,278,37,26,26,127,100,161,94,501,498,106,34,51,47,37,44,42
1627759,Jaylen Brown,Jaylen,1610612738,BOS,28.0,63,46,17,0.73,2157.9283333333333,518,1118,0.463,116,358,0.324,246,322,0.764,82,286,368,286,162,73,19,68,154,292,1398,402,2382.6,5,0,2352.0,185,45,202,64,67,34,31,230,101,83,332,37,31,284,100,78,82,64,40,66,210,551,492,20,34,18,54,106,44,52
1629673,Jordan Poole,Jordan,1610612764,WAS,25.0,68,15,53,0.221,2000.8866666666668,457,1057,0.432,235,622,0.378,242,274,0.883,31,172,203,303,204,86,27,68,201,287,1391,-558,2224.1,1,0,2358.0,138,349,555,511,91,51,38,339,9,12,140,38,47,61,298,193,228,61,13,36,150,551,554,21,36,567,66,198,44,51
1630178,Tyrese Maxey,Tyrese,1610612755,PHI,24.0,52,20,32,0.385,1960.195,477,1091,0.437,161,478,0.337,254,289,0.879,15,159,174,317,124,91,21,61,116,224,1369,-124,2265.3,8,1,2245.0,267,296,413,400,95,41,34,322,47,29,290,34,42,69,405,223,261,56,74,28,194,536,406,51,37,469,63,77,20,56
1630169,Tyrese Haliburton,Tyrese,1610612754,IND,25.0,73,46,27,0.63,2450.391666666667,476,1006,0.473,218,562,0.388,189,222,0.851,42,216,258,673,120,105,49,23,92,175,1359,222,3020.1,31,0,2816.0,86,45,334,121,30,43,45,200,13,15,118,61,70,105,237,124,163,4,76,14,64,356,321,74,38,64,16,18,44,19
202696,Nikola Vučević,Nikola,1610612741,CHI,34.0,73,34,39,0.466,2278.25,550,1038,0.53,129,321,0.402,120,149,0.805,178,557,735,256,119,61,52,38,163,164,1349,-98,2835.0,45,1,2695.0,86,157,486,324,47,26,40,82,85,106,75,115,118,206,21,10,12,75,78,111,55,458,510,86,39,450,21,7,20,25
1629014,Anfernee Simons,Anfernee,1610612757,POR,25.0,70,28,42,0.4,2291.8983333333335,479,1125,0.426,215,593,0.363,175,194,0.902,25,164,189,337,143,60,5,64,117,140,1348,-220,2132.3,2,0,2219.0,118,220,517,389,43,40,27,368,17,13,203,68,86,41,329,213,241,46,54,119,396,542,410,102,40,520,69,159,44,59
1627826,Ivica Zubac,Ivica,1610612746,LAC,28.0,80,50,30,0.625,2624.1766666666667,592,942,0.628,0,0,0.0,156,236,0.661,300,710,1010,214,127,55,90,58,168,242,1340,514,3181.0,59,1,2854.0,16,23,383,127,13,15,54,30,499,542,499,82,62,450,1,1,1,95,72,141,17,530,523,43,41,9,12,2,20,17
1627734,Domantas Sabonis,Domantas,1610612758,SAC,29.0,70,36,34,0.514,2428.8766666666666,527,893,0.59,65,156,0.417,218,289,0.754,267,705,972,423,202,48,26,59,229,277,1337,144,3157.9,61,10,2945.0,118,136,441,259,33,33,64,45,209,233,47,47,42,302,3,3,2,20,15,171,158,531,564,25,42,94,13,1,3,14
1627736,Malik Beasley,Malik,1610612765,DET,28.0,82,44,38,0.537,2282.9466666666667,461,1071,0.43,319,766,0.416,95,140,0.679,47,167,214,139,83,73,5,29,125,108,1336,175,1952.3,1,0,2164.0,1,62,475,240,45,48,36,345,2,3,48,145,130,428,205,206,214,159,145,66,396,408,428,156,43,78,89,198,44,63
1631101,Shaedon Sharpe,Shaedon,1610612757,POR,21.0,72,32,40,0.444,2252.33,499,1104,0.452,147,472,0.311,190,242,0.785,68,256,324,198,150,62,16,48,120,189,1335,-138,2104.8,3,0,2160.0,95,179,503,353,51,37,33,271,64,30,358,60,58,241,129,98,103,103,48,106,242,501,415,63,44,484,70,134,44,64
1628384,OG Anunoby,OG,1610612752,NYK,27.0,74,45,29,0.608,2705.7766666666666,489,1027,0.476,171,460,0.372,183,226,0.81,97,261,358,164,102,110,65,89,172,175,1332,301,2430.6,1,0,2375.0,71,56,362,157,9,39,42,191,36,36,167,64,67,198,73,94,87,128,104,11,38,567,529,74,45,41,50,198,44,47
1630217,Desmond Bane,Desmond,1610612763,MEM,26.0,69,38,31,0.551,2205.225,493,1018,0.484,164,418,0.392,177,198,0.894,62,356,418,369,169,80,28,76,164,137,1327,143,2537.1,10,1,2494.0,129,110,395,230,59,38,44,166,43,50,110,66,82,50,145,42,57,32,36,46,144,559,511,107,46,95,41,62,20,40
1630596,Evan Mobley,Evan,1610612739,CLE,23.0,71,58,13,0.817,2166.555,505,906,0.557,85,230,0.37,221,305,0.725,164,495,659,226,145,61,113,51,141,239,1316,546,2822.8,37,0,2634.0,108,7,157,24,63,36,62,64,165,171,175,45,38,358,26,14,15,85,53,111,5,511,464,44,47,5,23,13,44,29
1626181,Norman Powell,Norman,1610612746,LAC,31.0,60,39,21,0.65,1957.9883333333332,457,945,0.484,179,428,0.418,213,265,0.804,21,169,190,125,108,73,9,52,114,208,1306,352,1859.5,1,0,1964.0,206,100,253,99,96,51,52,168,28,47,44,51,49,208,358,202,240,184,91,66,346,516,396,59,48,23,99,198,44,81
1628970,Miles Bridges,Miles,1610612766,CHA,27.0,64,16,48,0.25,2028.735,469,1089,0.431,141,450,0.313,221,254,0.87,72,409,481,248,136,44,45,72,93,181,1300,-259,2380.2,14,1,2348.0,170,340,542,489,87,47,35,343,70,39,354,45,52,83,119,24,36,77,63,197,70,554,323,69,49,532,55,40,20,53
203944,Julius Randle,Julius,1610612750,MIN,30.0,69,44,25,0.638,2225.5266666666666,455,939,0.485,108,314,0.344,270,335,0.806,144,343,487,323,196,47,16,60,175,257,1288,166,2349.9,14,0,2332.0,129,62,300,109,56,53,55,165,119,108,264,30,26,205,36,45,35,54,19,178,242,534,530,34,50,84,57,40,44,54
203076,Anthony Davis,Anthony,1610612742,DAL,32.0,51,30,21,0.588,1705.4883333333332,470,910,0.516,35,124,0.282,286,369,0.775,134,456,590,181,113,59,110,39,98,273,1261,25,2634.5,36,1,2405.0,275,196,253,186,145,46,61,97,274,262,407,23,20,263,38,16,20,113,83,124,7,462,341,26,51,180,35,14,20,45
1630567,Scottie Barnes,Scottie,1610612761,TOR,23.0,65,26,39,0.4,2134.13,474,1063,0.446,76,280,0.271,228,302,0.755,109,393,502,378,185,93,63,40,113,246,1252,-130,2704.4,26,1,2520.0,162,240,486,389,71,45,37,290,187,136,422,42,39,301,63,28,33,29,25,25,39,473,392,40,52,477,28,26,20,34
1628401,Derrick White,Derrick,1610612738,BOS,30.0,76,58,18,0.763,2573.615,424,959,0.442,265,691,0.384,135,161,0.839,67,274,341,361,131,72,80,23,138,164,1248,540,2523.7,4,0,2519.0,51,7,211,53,20,60,51,305,4,5,124,97,107,121,133,83,94,37,69,70,21,356,456,86,53,6,42,116,44,35
202681,Kyrie Irving,Kyrie,1610612742,DAL,33.0,50,28,22,0.56,1803.7966666666666,447,945,0.473,144,359,0.401,196,214,0.916,60,180,240,231,111,66,23,40,101,164,1234,124,2024.5,0,0,2027.0,283,220,274,221,127,56,52,201,67,82,76,55,73,32,155,183,183,81,86,95,173,473,351,86,54,101,77,281,44,75
1629628,RJ Barrett,RJ,1610612761,TOR,24.0,58,23,35,0.397,1868.8033333333333,460,982,0.468,107,306,0.35,196,311,0.63,61,305,366,314,165,46,17,81,137,233,1223,-139,2157.2,10,2,2136.0,223,265,447,394,114,50,50,218,122,120,247,55,34,467,150,67,84,58,38,185,225,563,455,45,55,485,67,62,15,67
1630166,Deni Avdija,Deni,1610612757,POR,24.0,72,33,39,0.458,2161.1483333333335,402,844,0.476,125,342,0.365,290,372,0.78,110,412,522,281,196,71,35,65,171,295,1219,-78,2388.9,17,2,2359.0,95,166,486,329,66,70,73,190,93,89,187,21,18,251,61,23,29,68,19,73,107,543,525,18,56,428,53,34,15,49
1631128,Christian Braun,Christian,1610612743,DEN,24.0,79,48,31,0.608,2675.383333333333,476,821,0.58,89,224,0.397,177,214,0.827,98,312,410,205,81,85,37,62,170,143,1218,480,2302.5,6,0,2166.0,23,30,395,160,11,43,81,50,156,174,93,66,73,148,72,61,62,100,155,38,99,538,524,100,57,13,60,93,44,62
1631094,Paolo Banchero,Paolo,1610612753,ORL,22.0,46,21,25,0.457,1581.53,412,911,0.452,87,272,0.32,280,385,0.727,51,294,345,219,136,36,28,51,97,265,1191,-21,1989.5,11,0,1970.0,307,280,300,333,165,63,60,270,161,141,341,24,17,349,192,73,92,91,63,244,144,511,338,29,58,314,81,55,44,80
1642264,Stephon Castle,Stephon,1610612759,SAS,20.0,81,33,48,0.407,2162.0216666666665,423,988,0.428,95,333,0.285,249,344,0.724,89,208,297,332,177,74,22,66,164,262,1190,-239,2155.4,6,0,2106.0,12,166,542,386,65,61,49,359,148,97,404,36,24,359,86,138,123,51,30,61,187,546,511,31,59,527,68,93,44,69
1630163,LaMelo Ball,LaMelo,1610612766,CHA,23.0,47,16,31,0.34,1504.475,406,1003,0.405,179,528,0.339,193,229,0.843,47,185,232,346,167,54,13,43,157,221,1184,-130,2015.4,13,0,2075.0,298,340,395,434,178,67,46,433,28,22,282,59,66,118,205,175,190,44,37,143,281,483,498,52,60,477,80,46,44,72
203468,CJ McCollum,CJ,1610612740,NOP,33.0,56,17,39,0.304,1831.6783333333333,444,1000,0.444,171,459,0.373,124,173,0.717,42,170,212,227,106,46,24,39,124,136,1183,-279,1881.9,0,0,1933.0,246,323,486,454,123,57,47,297,36,37,163,110,96,373,237,200,217,84,95,185,170,462,425,109,61,541,95,281,44,84
1629630,Ja Morant,Ja,1610612763,MEM,25.0,50,30,20,0.6,1519.11,404,889,0.454,88,285,0.309,263,319,0.824,34,171,205,364,185,61,12,51,113,249,1159,226,1985.0,13,1,1962.0,283,196,242,168,176,68,65,263,158,133,364,31,32,154,280,195,225,33,25,111,295,511,392,37,62,63,82,46,20,82
1629012,Collin Sexton,Collin,1610612762,UTA,26.0,63,14,49,0.222,1757.76,416,867,0.48,110,271,0.406,217,251,0.865,60,111,171,264,160,47,6,75,144,219,1159,-286,1759.2,2,0,1810.0,185,364,548,509,135,62,68,178,114,143,67,49,54,88,155,293,266,71,43,178,383,555,468,54,62,544,108,159,44,93
1631097,Bennedict Mathurin,Bennedict,1610612754,IND,22.0,72,43,29,0.597,2149.318333333333,391,853,0.458,98,288,0.34,276,332,0.831,87,296,383,136,135,47,24,67,162,245,1156,94,1897.6,8,0,1915.0,95,75,362,175,69,74,71,246,141,132,278,27,27,141,93,69,73,164,67,178,170,550,506,41,64,114,93,77,44,86
1630202,Payton Pritchard,Payton,1610612738,BOS,27.0,80,59,21,0.738,2270.875,409,866,0.472,255,626,0.407,71,84,0.845,102,205,307,279,83,70,14,38,118,86,1144,430,2099.9,5,0,2153.0,16,6,253,58,48,65,69,205,5,11,66,197,216,116,68,141,118,69,145,77,265,458,411,195,65,15,71,106,44,65
1629675,Naz Reid,Naz,1610612750,MIN,25.0,80,47,33,0.588,2200.116666666667,426,923,0.462,175,462,0.379,111,143,0.776,92,388,480,181,108,58,72,41,189,119,1138,340,2267.5,10,0,2234.0,16,36,428,191,60,59,57,233,33,34,139,121,125,259,78,30,37,113,91,127,29,477,545,136,66,26,61,62,44,57
1641718,Keyonte George,Keyonte,1610612762,UTA,21.0,67,13,54,0.194,2108.475,359,919,0.391,174,507,0.343,233,285,0.818,26,227,253,377,183,46,9,71,111,227,1125,-512,1976.1,4,0,2039.0,147,382,557,527,75,92,59,464,34,24,267,41,44,176,321,116,168,30,27,185,346,553,385,47,67,564,85,116,44,74
1630530,Trey Murphy III,Trey,1610612740,NOP,24.0,53,14,39,0.264,1854.23,381,839,0.454,158,438,0.361,204,230,0.887,47,221,268,188,103,56,39,29,112,186,1124,-384,1909.6,2,0,1928.0,263,364,486,482,116,81,74,265,51,42,207,52,65,56,205,121,150,109,101,136,88,408,391,64,68,558,92,159,44,85
1626167,Myles Turner,Myles,1610612754,IND,29.0,72,44,28,0.611,2173.6366666666668,390,811,0.481,156,394,0.396,184,238,0.773,90,381,471,111,123,54,144,37,183,204,1120,202,2322.7,13,0,2254.0,95,62,349,153,61,75,83,176,55,64,99,62,61,267,83,31,39,206,75,143,3,451,540,60,69,71,58,46,44,55
1628370,Malik Monk,Malik,1610612758,SAC,27.0,65,36,29,0.554,2054.11,412,939,0.439,139,428,0.325,154,178,0.865,30,215,245,362,159,61,38,54,158,149,1117,116,2092.0,4,0,2061.0,162,136,362,226,83,63,55,313,73,47,327,83,94,86,302,129,177,36,44,111,94,520,502,96,70,105,72,116,44,73
1641705,Victor Wembanyama,Victor,1610612759,SAS,21.0,46,21,25,0.457,1527.2533333333333,408,857,0.476,142,403,0.352,158,189,0.836,82,424,506,168,149,52,176,27,105,226,1116,102,2510.2,28,1,2388.0,307,280,300,333,172,66,70,192,68,56,240,78,89,128,100,22,32,122,50,152,1,395,365,50,71,110,43,22,20,46
1628386,Jarrett Allen,Jarrett,1610612739,CLE,27.0,82,64,18,0.78,2296.0533333333333,452,640,0.706,0,5,0.0,199,277,0.718,216,582,798,158,97,77,73,47,127,257,1103,514,2650.6,40,0,2359.0,1,1,211,44,41,55,117,6,499,488,499,54,46,368,11,6,6,137,115,54,28,498,434,34,72,9,33,10,44,49
1629656,Quentin Grimes,Quentin,1610612755,PHI,25.0,75,29,46,0.387,2013.09,384,823,0.467,162,421,0.385,162,214,0.757,59,265,324,228,141,74,22,32,138,174,1092,-261,1969.8,4,0,1998.0,59,212,533,399,90,78,80,222,46,49,123,72,73,299,159,90,103,82,56,61,187,430,456,77,73,533,87,116,44,77
1629631,De'Andre Hunter,De'Andre,1610612739,CLE,27.0,64,38,26,0.594,1740.015,358,762,0.47,157,388,0.405,215,254,0.846,44,214,258,92,82,50,13,39,155,211,1088,88,1642.6,2,0,1721.0,170,110,315,182,141,93,92,210,53,68,74,50,52,112,221,130,163,245,149,161,281,462,496,56,74,115,118,159,44,106
203952,Andrew Wiggins,Andrew,1610612748,MIA,30.0,60,27,33,0.45,1842.2816666666668,376,839,0.448,130,348,0.374,196,257,0.763,89,180,269,158,99,60,50,63,101,174,1078,-100,1868.8,3,0,1855.0,206,232,428,346,118,83,74,282,83,87,159,55,50,286,86,183,148,137,109,119,59,540,351,77,75,452,98,134,44,90
1630700,Dyson Daniels,Dyson,1610612737,ATL,22.0,76,37,39,0.487,2571.17,455,923,0.493,80,235,0.34,83,140,0.593,124,325,449,333,155,229,55,45,175,131,1073,-65,2808.3,9,0,2503.0,51,124,486,301,21,53,57,148,177,168,276,169,130,491,49,53,49,49,46,1,48,489,530,114,76,401,24,71,44,37
1629661,Cameron Johnson,Cameron,1610612751,BKN,29.0,57,21,36,0.368,1799.7633333333333,355,747,0.475,159,408,0.39,201,225,0.893,54,193,247,194,99,53,25,36,104,170,1070,-200,1792.4,2,0,1826.0,232,280,455,414,129,95,95,194,49,54,115,53,68,51,175,165,173,105,109,149,162,441,361,80,77,512,106,159,44,92
1628415,Dillon Brooks,Dillon,1610612745,HOU,29.0,75,49,26,0.653,2388.2616666666668,384,895,0.429,186,469,0.397,99,121,0.818,75,200,275,128,76,60,16,36,242,109,1053,207,1727.0,0,0,1794.0,59,25,315,98,37,78,63,354,25,31,97,140,158,169,115,150,142,177,167,119,242,441,566,154,78,67,111,281,44,99
1628404,Josh Hart,Josh,1610612752,NYK,30.0,77,48,29,0.623,2896.83,404,770,0.525,84,252,0.333,159,205,0.776,161,576,737,453,158,119,27,59,201,182,1051,203,2894.9,34,9,2617.0,43,30,362,132,2,68,90,88,168,157,297,77,77,261,28,7,11,14,45,7,150,531,554,66,79,70,18,16,5,32
1630170,Devin Vassell,Devin,1610612759,SAS,24.0,64,24,40,0.375,1983.185,394,889,0.443,158,429,0.368,95,120,0.792,34,221,255,183,88,84,33,29,108,98,1041,-262,1884.5,2,0,1871.0,170,261,503,407,93,72,65,302,51,46,177,145,160,232,280,121,167,112,128,39,116,408,375,173,80,535,94,159,44,87
201572,Brook Lopez,Brook,1610612749,MIL,37.0,80,47,33,0.588,2546.07,394,774,0.509,139,373,0.373,114,138,0.826,113,288,401,143,84,50,148,20,171,135,1041,134,2246.7,4,0,2120.0,16,36,428,191,26,72,89,107,73,70,162,118,133,150,56,77,65,157,143,161,2,329,525,111,80,97,64,116,44,68
1630581,Josh Giddey,Josh,1610612741,CHI,22.0,70,33,37,0.471,2116.641666666667,371,798,0.465,105,278,0.378,175,224,0.781,127,439,566,503,202,84,45,66,122,179,1022,-68,2640.7,30,7,2454.0,118,166,465,315,73,85,85,226,124,137,142,68,69,248,45,20,21,10,15,39,70,546,421,70,82,410,34,21,7,43
203084,Harrison Barnes,Harrison,1610612759,SAS,32.0,82,34,48,0.415,2230.0633333333335,347,683,0.508,156,360,0.433,161,199,0.809,97,213,310,136,50,39,14,28,75,147,1011,-25,1696.0,1,0,1719.0,1,157,542,378,55,98,105,111,55,79,28,75,80,201,73,133,115,164,257,219,265,402,282,97,83,329,112,198,44,107
202691,Klay Thompson,Klay,1610612742,DAL,35.0,72,33,39,0.458,1964.5683333333334,361,877,0.412,216,553,0.391,67,74,0.905,44,202,246,145,88,50,30,21,81,51,1005,-79,1669.7,0,0,1772.0,95,166,486,329,94,91,67,412,15,16,112,206,236,37,221,147,176,153,128,161,132,337,295,287,84,429,115,281,44,102
202699,Tobias Harris,Tobias,1610612765,DET,32.0,73,40,33,0.548,2305.4133333333334,384,805,0.477,91,264,0.345,143,166,0.861,65,367,432,162,85,74,57,46,138,121,1002,187,2071.4,5,0,1949.0,86,89,428,233,38,78,84,188,152,147,261,91,100,91,138,35,55,133,142,61,45,493,456,131,85,75,74,106,44,83
1630183,Jaden McDaniels,Jaden,1610612750,MIN,24.0,82,49,33,0.598,2614.41,398,834,0.477,100,303,0.33,104,128,0.813,129,341,470,163,95,110,74,41,225,136,1000,172,2265.5,10,0,2101.0,1,25,428,173,15,71,76,185,139,123,310,133,144,186,43,46,40,131,119,11,27,477,563,109,86,82,62,62,44,70
201566,Russell Westbrook,Russell,1610612743,DEN,36.0,75,43,32,0.573,2092.2916666666665,373,831,0.449,94,291,0.323,154,233,0.661,102,268,370,457,242,106,37,53,188,172,994,-24,2310.5,13,4,2201.0,59,75,413,208,78,84,77,279,149,130,334,83,64,451,68,87,78,13,6,13,99,517,544,79,87,325,59,46,9,60
1630168,Onyeka Okongwu,Onyeka,1610612737,ATL,24.0,74,35,39,0.473,2063.9266666666667,388,684,0.567,48,148,0.324,164,216,0.759,220,440,660,168,90,69,68,50,193,167,988,40,2353.0,28,0,2138.0,71,149,486,311,82,76,104,57,246,244,328,71,71,296,9,19,14,122,124,83,37,506,549,84,88,157,56,22,44,66
203471,Dennis Schröder,Dennis,1610612765,DET,31.0,75,37,38,0.493,2104.778333333333,336,827,0.406,127,371,0.342,181,216,0.838,27,171,198,404,142,66,12,57,180,211,980,-72,1915.6,7,0,1865.0,59,124,475,290,76,102,79,425,88,73,271,65,71,122,313,195,232,24,55,95,295,528,534,56,89,420,91,87,44,88
1629640,Keldon Johnson,Keldon,1610612759,SAS,25.0,77,31,46,0.403,1837.9966666666667,371,770,0.482,87,274,0.318,150,194,0.773,112,259,371,125,77,49,22,37,115,140,979,-217,1747.7,3,0,1704.0,43,186,533,388,120,85,90,174,161,139,345,85,86,266,57,97,77,184,163,168,187,451,402,102,90,519,110,134,44,109
1641708,Amen Thompson,Amen,1610612745,HOU,22.0,69,43,26,0.623,2225.415,388,697,0.557,25,91,0.275,169,247,0.684,192,372,564,265,138,97,89,45,167,175,970,268,2464.3,21,3,2196.0,129,75,315,134,57,76,101,65,315,292,417,70,55,416,14,32,22,70,59,21,18,489,522,74,91,50,46,28,11,61
1628398,Kyle Kuzma,Kyle,1610612749,MIL,29.0,65,25,40,0.385,1936.415,370,848,0.436,96,313,0.307,128,202,0.634,54,316,370,152,146,36,19,39,119,159,964,-419,1655.0,6,0,1692.0,162,252,503,400,100,87,72,326,144,113,370,108,79,466,175,57,78,145,52,244,210,462,412,89,92,561,116,93,44,113
202710,Jimmy Butler III,Jimmy,1610612744,GSW,35.0,55,36,19,0.655,1746.135,301,597,0.504,32,104,0.308,330,392,0.842,125,171,296,298,74,77,18,50,52,283,964,246,1977.2,6,3,1780.0,253,136,226,97,138,115,134,117,286,276,366,13,16,119,48,195,125,62,174,54,215,506,225,22,92,61,83,93,11,100
1642258,Zaccharie Risacher,Zaccharie,1610612737,ATL,20.0,75,38,37,0.507,1843.3866666666668,357,779,0.458,122,344,0.355,106,149,0.711,86,182,268,92,92,52,37,53,149,106,942,-121,1576.6,1,0,1602.0,59,110,465,264,117,94,87,248,95,88,228,130,118,381,95,178,150,245,120,152,99,517,476,158,94,465,137,198,44,121
1631099,Keegan Murray,Keegan,1610612758,SAC,24.0,76,36,40,0.474,2610.173333333333,364,820,0.444,154,449,0.343,60,72,0.833,146,361,507,109,60,61,69,28,186,79,942,46,2043.9,11,0,1972.0,51,136,503,309,16,88,82,298,59,40,268,225,244,131,35,37,31,212,215,111,35,402,543,207,94,143,76,55,44,79
1631105,Jalen Duren,Jalen,1610612765,DET,21.0,78,43,35,0.551,2033.5483333333334,378,546,0.692,0,0,0.0,162,242,0.669,277,530,807,209,136,54,89,55,251,202,918,36,2492.9,41,0,2220.0,35,75,447,229,85,82,163,11,499,542,499,72,58,436,2,11,5,97,63,143,18,523,568,61,96,163,44,9,44,58
1630598,Aaron Wiggins,Aaron,1610612760,OKC,26.0,76,62,14,0.816,1743.9,355,728,0.488,130,339,0.383,74,89,0.831,81,214,295,134,69,60,18,39,101,68,914,514,1634.0,2,0,1629.0,51,4,168,25,139,95,97,156,83,93,125,187,204,140,103,130,127,168,192,119,215,462,351,235,97,9,123,159,44,119
1630230,Naji Marshall,Naji,1610612742,DAL,27.0,69,32,37,0.464,1919.0833333333333,362,712,0.508,60,218,0.275,130,160,0.813,76,252,328,208,112,70,11,37,109,118,914,-137,1750.6,6,0,1672.0,129,179,465,325,103,90,99,109,222,185,416,103,108,186,110,100,98,98,84,77,311,451,380,137,97,483,109,93,44,115
1627741,Buddy Hield,Buddy,1610612744,GSW,32.0,82,48,34,0.585,1862.9883333333332,328,786,0.417,203,549,0.37,53,64,0.828,51,213,264,134,91,69,23,31,132,46,912,141,1614.8,0,0,1697.0,1,30,441,195,115,103,86,402,19,18,174,248,263,146,192,133,156,168,122,83,173,422,445,303,99,96,127,281,44,110
1626162,Kelly Oubre Jr.,Kelly,1610612755,PHI,29.0,60,21,39,0.35,2078.19,348,741,0.47,71,242,0.293,139,185,0.751,97,271,368,108,80,92,30,66,180,168,906,-258,1795.6,10,0,1697.0,206,280,486,430,79,97,96,211,201,163,393,94,90,309,73,84,82,215,157,26,132,546,534,82,100,530,105,62,44,110
